{"cameraMode":{"drawMode":0,"name":"Shaded","section":"Shading Mode"},"sceneLighting":true,"audioPlay":false,"sceneViewState":{"showFog":true,"showMaterialUpdate":true,"showSkybox":true,"showFlares":true,"showImageEffects":true,"showParticleSystems":true},"in2DMode":false,"pivot":{"x":3.1287708282470705,"y":11.018669128417969,"z":23.098989486694337},"rotation":{"x":0.26238763332366946,"y":0.1790386289358139,"z":-0.04961089789867401,"w":0.9469388127326965},"size":88.77528381347656,"orthographic":false}