{"cameraMode":{"drawMode":0,"name":"Shaded","section":"Shading Mode"},"sceneLighting":true,"audioPlay":false,"sceneViewState":{"showFog":true,"showMaterialUpdate":true,"showSkybox":true,"showFlares":true,"showImageEffects":true,"showParticleSystems":true},"in2DMode":false,"pivot":{"x":41.63201141357422,"y":29.77838134765625,"z":-70.27238464355469},"rotation":{"x":-0.19720272719860078,"y":0.0623006671667099,"z":-0.012555827386677266,"w":-0.9783700704574585},"size":40.52964782714844,"orthographic":false}