{"cameraMode":{"drawMode":0,"name":"Shaded","section":"Shading Mode"},"sceneLighting":true,"audioPlay":false,"sceneViewState":{"showFog":true,"showMaterialUpdate":true,"showSkybox":true,"showFlares":true,"showImageEffects":true,"showParticleSystems":true},"in2DMode":false,"pivot":{"x":-131.1824188232422,"y":3.718149423599243,"z":-49.487388610839847},"rotation":{"x":-0.35731741786003115,"y":0.013404394499957562,"z":-0.005288929212838411,"w":-0.9339787364006043},"size":55.24728775024414,"orthographic":false}