{"cameraMode":{"drawMode":0,"name":"Shaded","section":"Shading Mode"},"sceneLighting":false,"audioPlay":false,"sceneViewState":{"showFog":true,"showMaterialUpdate":true,"showSkybox":false,"showFlares":true,"showImageEffects":true,"showParticleSystems":true},"in2DMode":false,"pivot":{"x":-61.710391998291019,"y":6.665063381195068,"z":-101.99083709716797},"rotation":{"x":-0.18727828562259675,"y":-0.012369015254080296,"z":0.0023683044128119947,"w":-0.9822724461555481},"size":11.402921676635743,"orthographic":false}