{"cameraMode":{"drawMode":0,"name":"Shaded","section":"Shading Mode"},"sceneLighting":true,"audioPlay":false,"sceneViewState":{"showFog":true,"showMaterialUpdate":false,"showSkybox":false,"showFlares":true,"showImageEffects":true,"showParticleSystems":true},"in2DMode":false,"pivot":{"x":-0.00006103515625,"y":-246.62152099609376,"z":488.48004150390627},"rotation":{"x":0.07775766402482987,"y":0.5485483407974243,"z":-0.0513341911137104,"w":0.830913245677948},"size":20.113340377807618,"orthographic":false}