{"cameraMode":{"drawMode":0,"name":"Shaded","section":"Shading Mode"},"sceneLighting":true,"audioPlay":false,"sceneViewState":{"showFog":true,"showMaterialUpdate":true,"showSkybox":true,"showFlares":true,"showImageEffects":true,"showParticleSystems":true},"in2DMode":false,"pivot":{"x":-79.25089263916016,"y":5.6416425704956059,"z":-51.74628448486328},"rotation":{"x":0.11626314371824265,"y":-0.4928736388683319,"z":0.06663527339696884,"w":0.8598237633705139},"size":30.21998405456543,"orthographic":false}