{"cameraMode":{"drawMode":0,"name":"Shaded","section":"Shading Mode"},"sceneLighting":true,"audioPlay":false,"sceneViewState":{"showFog":true,"showMaterialUpdate":true,"showSkybox":true,"showFlares":true,"showImageEffects":true,"showParticleSystems":true},"in2DMode":false,"pivot":{"x":-59.20741271972656,"y":3.889631748199463,"z":7.493654251098633},"rotation":{"x":0.03221745416522026,"y":0.10326453298330307,"z":-0.0033625306095927955,"w":0.9941507577896118},"size":83.13441467285156,"orthographic":false}