{"cameraMode":{"drawMode":0,"name":"Shaded","section":"Shading Mode"},"sceneLighting":false,"audioPlay":false,"sceneViewState":{"showFog":true,"showMaterialUpdate":true,"showSkybox":false,"showFlares":true,"showImageEffects":true,"showParticleSystems":true},"in2DMode":false,"pivot":{"x":-99.00108337402344,"y":9.634005546569825,"z":-52.41682434082031},"rotation":{"x":0.035213302820920947,"y":-0.9030380249023438,"z":0.07550035417079926,"w":0.4216088652610779},"size":4.986487865447998,"orthographic":false}